goodsid,title,price,ziying,bimg,simg1,simg2,simg3,simg4,simg5,pinglun,haiwaigou,renqi,xiaoliangtime,time,mingzi,zhongliang
1,来益牌 叶黄素咀嚼片 450mg*30片每日一粒，1瓶约1个月量，呵护双眼，缓解视力疲劳，眼睛干涩者、视力模糊者适用,1234,ziying.png,shili.jpg,s1.jpg,s2.jpg,s3.jpg,s4.jpg,s5.jpg,1432,,2,332,0:00:00,来益,0.3
2,汤臣倍健 天然β-胡萝卜素软胶囊 0.5g*100粒来自澳大利亚进口的胡萝卜素，每粒含4.71mg胡萝卜素，1瓶约3个月量,456,,huluobo.jpg,h1.jpg,h2.jpg,h3.jpg,h4.jpg,h5.jpg,432,haiwaigou.png,3,333,0:00:00,汤臣倍健,1.3
3,汤臣倍健 多维男士多种维生素矿物质片 1.5g/片*60片 *2件,32412,,tang.jpg,t1.jpg,t2.jpg,t3.jpg,t4.jpg,t5.jpg,43,,4,334,0:00:00,汤臣倍健,2.3
4,21金维他 多维元素片 100片含12种维生素，8种矿物质，1种氨基酸促进维矿物质吸收，强化VA、VB好配方更适合中国人体质；成人及12岁以上儿童，一日2片，12岁以下1日1片，饭后服用,212,ziying.png,jinweita.jpg,j1.jpg,j2.jpg,j3.jpg,j4.jpg,j5.jpg,234,haiwaigou.png,5,335,0:00:00,金维他,3.3
5,来益牌 叶黄素咀嚼片 450mg*30片每日一粒，1瓶约1个月量，呵护双眼，缓解视力疲劳，眼睛干涩者、视力模糊者适用,333,,shili.jpg,s1.jpg,s2.jpg,s3.jpg,s4.jpg,s5.jpg,324,,6,336,0:00:00,来益,4.3
6,汤臣倍健 天然β-胡萝卜素软胶囊 0.5g*100粒来自澳大利亚进口的胡萝卜素，每粒含4.71mg胡萝卜素，1瓶约3个月量,444,ziying.png,huluobo.jpg,h1.jpg,h2.jpg,h3.jpg,h4.jpg,h5.jpg,433,haiwaigou.png,7,337,0:00:00,汤臣倍健,5.3
7,汤臣倍健 多维男士多种维生素矿物质片 1.5g/片*60片 *2件,555,,tang.jpg,t1.jpg,t2.jpg,t3.jpg,t4.jpg,t5.jpg,324,,8,338,0:00:00,汤臣倍健,6.3
8,21金维他 多维元素片 100片含12种维生素，8种矿物质，1种氨基酸促进维矿物质吸收，强化VA、VB好配方更适合中国人体质；成人及12岁以上儿童，一日2片，12岁以下1日1片，饭后服用,1238,,jinweita.jpg,j1.jpg,j2.jpg,j3.jpg,j4.jpg,j5.jpg,34,haiwaigou.png,9,339,0:00:00,金维他,7.3
9,来益牌 叶黄素咀嚼片 450mg*30片每日一粒，1瓶约1个月量，呵护双眼，缓解视力疲劳，眼睛干涩者、视力模糊者适用,98778,ziying.png,shili.jpg,s1.jpg,s2.jpg,s3.jpg,s4.jpg,s5.jpg,34,,10,340,0:00:00,来益,8.3
10,汤臣倍健 天然β-胡萝卜素软胶囊 0.5g*100粒来自澳大利亚进口的胡萝卜素，每粒含4.71mg胡萝卜素，1瓶约3个月量,5556,,huluobo.jpg,h1.jpg,h2.jpg,h3.jpg,h4.jpg,h5.jpg,34243,,11,341,0:00:00,汤臣倍健,9.3
11,汤臣倍健 多维男士多种维生素矿物质片 1.5g/片*60片 *2件,45345,,tang.jpg,t1.jpg,t2.jpg,t3.jpg,t4.jpg,t5.jpg,324423,,12,342,0:00:00,汤臣倍健,10.3
12,21金维他 多维元素片 100片含12种维生素，8种矿物质，1种氨基酸促进维矿物质吸收，强化VA、VB好配方更适合中国人体质；成人及12岁以上儿童，一日2片，12岁以下1日1片，饭后服用,234523,ziying.png,jinweita.jpg,j1.jpg,j2.jpg,j3.jpg,j4.jpg,j5.jpg,455,,13,343,0:00:00,金维他,11.3
13,来益牌 叶黄素咀嚼片 450mg*30片每日一粒，1瓶约1个月量，呵护双眼，缓解视力疲劳，眼睛干涩者、视力模糊者适用,6645,,shili.jpg,s1.jpg,s2.jpg,s3.jpg,s4.jpg,s5.jpg,433,haiwaigou.png,14,344,0:00:00,来益,12.3
14,汤臣倍健 天然β-胡萝卜素软胶囊 0.5g*100粒来自澳大利亚进口的胡萝卜素，每粒含4.71mg胡萝卜素，1瓶约3个月量,465,ziying.png,huluobo.jpg,h1.jpg,h2.jpg,h3.jpg,h4.jpg,h5.jpg,443,,15,345,0:00:00,汤臣倍健,13.3
15,汤臣倍健 多维男士多种维生素矿物质片 1.5g/片*60片 *2件,4563,,tang.jpg,t1.jpg,t2.jpg,t3.jpg,t4.jpg,t5.jpg,434,,16,346,0:00:00,汤臣倍健,14.3
16,21金维他 多维元素片 100片含12种维生素，8种矿物质，1种氨基酸促进维矿物质吸收，强化VA、VB好配方更适合中国人体质；成人及12岁以上儿童，一日2片，12岁以下1日1片，饭后服用,245,ziying.png,jinweita.jpg,j1.jpg,j2.jpg,j3.jpg,j4.jpg,j5.jpg,545,,17,347,0:00:00,金维他,15.3
17,来益牌 叶黄素咀嚼片 450mg*30片每日一粒，1瓶约1个月量，呵护双眼，缓解视力疲劳，眼睛干涩者、视力模糊者适用,4325,,shili.jpg,s1.jpg,s2.jpg,s3.jpg,s4.jpg,s5.jpg,43,,18,348,0:00:00,来益,16.3
18,汤臣倍健 天然β-胡萝卜素软胶囊 0.5g*100粒来自澳大利亚进口的胡萝卜素，每粒含4.71mg胡萝卜素，1瓶约3个月量,3245,,huluobo.jpg,h1.jpg,h2.jpg,h3.jpg,h4.jpg,h5.jpg,44345,,19,349,0:00:00,汤臣倍健,17.3
19,汤臣倍健 多维男士多种维生素矿物质片 1.5g/片*60片 *2件,455,,tang.jpg,t1.jpg,t2.jpg,t3.jpg,t4.jpg,t5.jpg,243,haiwaigou.png,20,350,0:00:00,汤臣倍健,18.3
20,21金维他 多维元素片 100片含12种维生素，8种矿物质，1种氨基酸促进维矿物质吸收，强化VA、VB好配方更适合中国人体质；成人及12岁以上儿童，一日2片，12岁以下1日1片，饭后服用,345,,jinweita.jpg,j1.jpg,j2.jpg,j3.jpg,j4.jpg,j5.jpg,567,,21,351,0:00:00,金维他,19.3
21,来益牌 叶黄素咀嚼片 450mg*30片每日一粒，1瓶约1个月量，呵护双眼，缓解视力疲劳，眼睛干涩者、视力模糊者适用,909,,shili.jpg,s1.jpg,s2.jpg,s3.jpg,s4.jpg,s5.jpg,77,,22,352,0:00:00,来益,20.3
22,汤臣倍健 天然β-胡萝卜素软胶囊 0.5g*100粒来自澳大利亚进口的胡萝卜素，每粒含4.71mg胡萝卜素，1瓶约3个月量,9087,ziying.png,huluobo.jpg,h1.jpg,h2.jpg,h3.jpg,h4.jpg,h5.jpg,567,,23,353,0:00:00,汤臣倍健,21.3
23,汤臣倍健 多维男士多种维生素矿物质片 1.5g/片*60片 *2件,870,,tang.jpg,t1.jpg,t2.jpg,t3.jpg,t4.jpg,t5.jpg,664,haiwaigou.png,24,354,0:00:00,汤臣倍健,22.3
24,21金维他 多维元素片 100片含12种维生素，8种矿物质，1种氨基酸促进维矿物质吸收，强化VA、VB好配方更适合中国人体质；成人及12岁以上儿童，一日2片，12岁以下1日1片，饭后服用,809,,jinweita.jpg,j1.jpg,j2.jpg,j3.jpg,j4.jpg,j5.jpg,6574567,,25,355,0:00:00,金维他,23.3
25,来益牌 叶黄素咀嚼片 450mg*30片每日一粒，1瓶约1个月量，呵护双眼，缓解视力疲劳，眼睛干涩者、视力模糊者适用,8970,,shili.jpg,s1.jpg,s2.jpg,s3.jpg,s4.jpg,s5.jpg,6456,,26,356,0:00:00,来益,24.3
26,汤臣倍健 天然β-胡萝卜素软胶囊 0.5g*100粒来自澳大利亚进口的胡萝卜素，每粒含4.71mg胡萝卜素，1瓶约3个月量,586,ziying.png,huluobo.jpg,h1.jpg,h2.jpg,h3.jpg,h4.jpg,h5.jpg,6556,haiwaigou.png,27,357,0:00:00,汤臣倍健,25.3
27,汤臣倍健 多维男士多种维生素矿物质片 1.5g/片*60片 *2件,6868,,tang.jpg,t1.jpg,t2.jpg,t3.jpg,t4.jpg,t5.jpg,65456,,28,358,0:00:00,汤臣倍健,26.3
28,21金维他 多维元素片 100片含12种维生素，8种矿物质，1种氨基酸促进维矿物质吸收，强化VA、VB好配方更适合中国人体质；成人及12岁以上儿童，一日2片，12岁以下1日1片，饭后服用,678,,jinweita.jpg,j1.jpg,j2.jpg,j3.jpg,j4.jpg,j5.jpg,6645,,29,359,0:00:00,金维他,27.3
29,来益牌 叶黄素咀嚼片 450mg*30片每日一粒，1瓶约1个月量，呵护双眼，缓解视力疲劳，眼睛干涩者、视力模糊者适用,8658,ziying.png,shili.jpg,s1.jpg,s2.jpg,s3.jpg,s4.jpg,s5.jpg,776,,30,360,0:00:00,来益,28.3
30,汤臣倍健 天然β-胡萝卜素软胶囊 0.5g*100粒来自澳大利亚进口的胡萝卜素，每粒含4.71mg胡萝卜素，1瓶约3个月量,768,,huluobo.jpg,h1.jpg,h2.jpg,h3.jpg,h4.jpg,h5.jpg,6456,,31,361,0:00:00,汤臣倍健,29.3
31,汤臣倍健 多维男士多种维生素矿物质片 1.5g/片*60片 *2件,8658,,tang.jpg,t1.jpg,t2.jpg,t3.jpg,t4.jpg,t5.jpg,643,haiwaigou.png,32,362,0:00:00,汤臣倍健,30.3
32,21金维他 多维元素片 100片含12种维生素，8种矿物质，1种氨基酸促进维矿物质吸收，强化VA、VB好配方更适合中国人体质；成人及12岁以上儿童，一日2片，12岁以下1日1片，饭后服用,856,,jinweita.jpg,j1.jpg,j2.jpg,j3.jpg,j4.jpg,j5.jpg,6575,,33,363,0:00:00,金维他,31.3
33,来益牌 叶黄素咀嚼片 450mg*30片每日一粒，1瓶约1个月量，呵护双眼，缓解视力疲劳，眼睛干涩者、视力模糊者适用,658,,shili.jpg,s1.jpg,s2.jpg,s3.jpg,s4.jpg,s5.jpg,575,,34,364,0:00:00,来益,32.3
34,汤臣倍健 天然β-胡萝卜素软胶囊 0.5g*100粒来自澳大利亚进口的胡萝卜素，每粒含4.71mg胡萝卜素，1瓶约3个月量,5688,ziying.png,huluobo.jpg,h1.jpg,h2.jpg,h3.jpg,h4.jpg,h5.jpg,65745,haiwaigou.png,35,365,0:00:00,汤臣倍健,33.3
35,汤臣倍健 多维男士多种维生素矿物质片 1.5g/片*60片 *2件,5689,,tang.jpg,t1.jpg,t2.jpg,t3.jpg,t4.jpg,t5.jpg,767,,36,366,0:00:00,汤臣倍健,34.3
36,21金维他 多维元素片 100片含12种维生素，8种矿物质，1种氨基酸促进维矿物质吸收，强化VA、VB好配方更适合中国人体质；成人及12岁以上儿童，一日2片，12岁以下1日1片，饭后服用,5690,,jinweita.jpg,j1.jpg,j2.jpg,j3.jpg,j4.jpg,j5.jpg,774567,,37,367,0:00:00,金维他,35.3
37,来益牌 叶黄素咀嚼片 450mg*30片每日一粒，1瓶约1个月量，呵护双眼，缓解视力疲劳，眼睛干涩者、视力模糊者适用,4322,ziying.png,shili.jpg,s1.jpg,s2.jpg,s3.jpg,s4.jpg,s5.jpg,43252,haiwaigou.png,38,368,0:00:00,来益,36.3
38,汤臣倍健 天然β-胡萝卜素软胶囊 0.5g*100粒来自澳大利亚进口的胡萝卜素，每粒含4.71mg胡萝卜素，1瓶约3个月量,5692,,huluobo.jpg,h1.jpg,h2.jpg,h3.jpg,h4.jpg,h5.jpg,888,,39,369,0:00:00,汤臣倍健,37.3
39,汤臣倍健 多维男士多种维生素矿物质片 1.5g/片*60片 *2件,5693,,tang.jpg,t1.jpg,t2.jpg,t3.jpg,t4.jpg,t5.jpg,5665,,40,370,0:00:00,汤臣倍健,38.3
40,21金维他 多维元素片 100片含12种维生素，8种矿物质，1种氨基酸促进维矿物质吸收，强化VA、VB好配方更适合中国人体质；成人及12岁以上儿童，一日2片，12岁以下1日1片，饭后服用,5694,,jinweita.jpg,j1.jpg,j2.jpg,j3.jpg,j4.jpg,j5.jpg,456,,41,371,0:00:00,金维他,39.3
41,来益牌 叶黄素咀嚼片 450mg*30片每日一粒，1瓶约1个月量，呵护双眼，缓解视力疲劳，眼睛干涩者、视力模糊者适用,5695,,shili.jpg,s1.jpg,s2.jpg,s3.jpg,s4.jpg,s5.jpg,457,,42,372,0:00:00,来益,40.3
42,汤臣倍健 天然β-胡萝卜素软胶囊 0.5g*100粒来自澳大利亚进口的胡萝卜素，每粒含4.71mg胡萝卜素，1瓶约3个月量,5696,ziying.png,huluobo.jpg,h1.jpg,h2.jpg,h3.jpg,h4.jpg,h5.jpg,458,haiwaigou.png,43,373,0:00:00,汤臣倍健,41.3
43,汤臣倍健 多维男士多种维生素矿物质片 1.5g/片*60片 *2件,5697,,tang.jpg,t1.jpg,t2.jpg,t3.jpg,t4.jpg,t5.jpg,459,,44,374,0:00:00,汤臣倍健,42.3
44,21金维他 多维元素片 100片含12种维生素，8种矿物质，1种氨基酸促进维矿物质吸收，强化VA、VB好配方更适合中国人体质；成人及12岁以上儿童，一日2片，12岁以下1日1片，饭后服用,5698,,jinweita.jpg,j1.jpg,j2.jpg,j3.jpg,j4.jpg,j5.jpg,460,,45,375,0:00:00,金维他,43.3
45,来益牌 叶黄素咀嚼片 450mg*30片每日一粒，1瓶约1个月量，呵护双眼，缓解视力疲劳，眼睛干涩者、视力模糊者适用,234,,shili.jpg,s1.jpg,s2.jpg,s3.jpg,s4.jpg,s5.jpg,461,,46,376,0:00:00,来益,44.3
46,汤臣倍健 天然β-胡萝卜素软胶囊 0.5g*100粒来自澳大利亚进口的胡萝卜素，每粒含4.71mg胡萝卜素，1瓶约3个月量,5700,,huluobo.jpg,h1.jpg,h2.jpg,h3.jpg,h4.jpg,h5.jpg,462,,47,377,0:00:00,汤臣倍健,45.3
47,汤臣倍健 多维男士多种维生素矿物质片 1.5g/片*60片 *2件,5701,ziying.png,tang.jpg,t1.jpg,t2.jpg,t3.jpg,t4.jpg,t5.jpg,463,,48,378,0:00:00,汤臣倍健,46.3
48,21金维他 多维元素片 100片含12种维生素，8种矿物质，1种氨基酸促进维矿物质吸收，强化VA、VB好配方更适合中国人体质；成人及12岁以上儿童，一日2片，12岁以下1日1片，饭后服用,5702,,jinweita.jpg,j1.jpg,j2.jpg,j3.jpg,j4.jpg,j5.jpg,464,haiwaigou.png,49,379,0:00:00,金维他,47.3
49,来益牌 叶黄素咀嚼片 450mg*30片每日一粒，1瓶约1个月量，呵护双眼，缓解视力疲劳，眼睛干涩者、视力模糊者适用,435,,shili.jpg,s1.jpg,s2.jpg,s3.jpg,s4.jpg,s5.jpg,465,,50,380,0:00:00,来益,48.3
50,汤臣倍健 天然β-胡萝卜素软胶囊 0.5g*100粒来自澳大利亚进口的胡萝卜素，每粒含4.71mg胡萝卜素，1瓶约3个月量,5704,,huluobo.jpg,h1.jpg,h2.jpg,h3.jpg,h4.jpg,h5.jpg,466,,51,381,0:00:00,汤臣倍健,49.3
51,汤臣倍健 多维男士多种维生素矿物质片 1.5g/片*60片 *2件,6456,,tang.jpg,t1.jpg,t2.jpg,t3.jpg,t4.jpg,t5.jpg,467,,52,382,0:00:00,汤臣倍健,50.3
52,21金维他 多维元素片 100片含12种维生素，8种矿物质，1种氨基酸促进维矿物质吸收，强化VA、VB好配方更适合中国人体质；成人及12岁以上儿童，一日2片，12岁以下1日1片，饭后服用,5706,,jinweita.jpg,j1.jpg,j2.jpg,j3.jpg,j4.jpg,j5.jpg,468,haiwaigou.png,53,383,0:00:00,金维他,51.3
53,来益牌 叶黄素咀嚼片 450mg*30片每日一粒，1瓶约1个月量，呵护双眼，缓解视力疲劳，眼睛干涩者、视力模糊者适用,5707,,shili.jpg,s1.jpg,s2.jpg,s3.jpg,s4.jpg,s5.jpg,469,,54,384,0:00:00,来益,52.3
54,汤臣倍健 天然β-胡萝卜素软胶囊 0.5g*100粒来自澳大利亚进口的胡萝卜素，每粒含4.71mg胡萝卜素，1瓶约3个月量,3466,,huluobo.jpg,h1.jpg,h2.jpg,h3.jpg,h4.jpg,h5.jpg,470,,55,385,0:00:00,汤臣倍健,53.3
55,汤臣倍健 多维男士多种维生素矿物质片 1.5g/片*60片 *2件,5709,,tang.jpg,t1.jpg,t2.jpg,t3.jpg,t4.jpg,t5.jpg,471,,56,386,0:00:00,汤臣倍健,54.3
56,21金维他 多维元素片 100片含12种维生素，8种矿物质，1种氨基酸促进维矿物质吸收，强化VA、VB好配方更适合中国人体质；成人及12岁以上儿童，一日2片，12岁以下1日1片，饭后服用,5710,ziying.png,jinweita.jpg,j1.jpg,j2.jpg,j3.jpg,j4.jpg,j5.jpg,472,,57,387,0:00:00,金维他,55.3
57,来益牌 叶黄素咀嚼片 450mg*30片每日一粒，1瓶约1个月量，呵护双眼，缓解视力疲劳，眼睛干涩者、视力模糊者适用,5711,,shili.jpg,s1.jpg,s2.jpg,s3.jpg,s4.jpg,s5.jpg,473,haiwaigou.png,58,388,0:00:00,来益,56.3
58,汤臣倍健 天然β-胡萝卜素软胶囊 0.5g*100粒来自澳大利亚进口的胡萝卜素，每粒含4.71mg胡萝卜素，1瓶约3个月量,5712,,huluobo.jpg,h1.jpg,h2.jpg,h3.jpg,h4.jpg,h5.jpg,474,,59,389,0:00:00,汤臣倍健,57.3
59,汤臣倍健 多维男士多种维生素矿物质片 1.5g/片*60片 *2件,346346,,tang.jpg,t1.jpg,t2.jpg,t3.jpg,t4.jpg,t5.jpg,475,,60,390,0:00:00,汤臣倍健,58.3
60,21金维他 多维元素片 100片含12种维生素，8种矿物质，1种氨基酸促进维矿物质吸收，强化VA、VB好配方更适合中国人体质；成人及12岁以上儿童，一日2片，12岁以下1日1片，饭后服用,5714,,jinweita.jpg,j1.jpg,j2.jpg,j3.jpg,j4.jpg,j5.jpg,476,haiwaigou.png,61,391,0:00:00,金维他,59.3
61,来益牌 叶黄素咀嚼片 450mg*30片每日一粒，1瓶约1个月量，呵护双眼，缓解视力疲劳，眼睛干涩者、视力模糊者适用,5715,,shili.jpg,s1.jpg,s2.jpg,s3.jpg,s4.jpg,s5.jpg,477,,62,392,0:00:00,来益,60.3
62,汤臣倍健 天然β-胡萝卜素软胶囊 0.5g*100粒来自澳大利亚进口的胡萝卜素，每粒含4.71mg胡萝卜素，1瓶约3个月量,5716,,huluobo.jpg,h1.jpg,h2.jpg,h3.jpg,h4.jpg,h5.jpg,478,,63,393,0:00:00,汤臣倍健,61.3
63,汤臣倍健 多维男士多种维生素矿物质片 1.5g/片*60片 *2件,34643,,tang.jpg,t1.jpg,t2.jpg,t3.jpg,t4.jpg,t5.jpg,479,,64,394,0:00:00,汤臣倍健,62.3
64,21金维他 多维元素片 100片含12种维生素，8种矿物质，1种氨基酸促进维矿物质吸收，强化VA、VB好配方更适合中国人体质；成人及12岁以上儿童，一日2片，12岁以下1日1片，饭后服用,5718,ziying.png,jinweita.jpg,j1.jpg,j2.jpg,j3.jpg,j4.jpg,j5.jpg,480,,65,395,0:00:00,金维他,63.3
65,来益牌 叶黄素咀嚼片 450mg*30片每日一粒，1瓶约1个月量，呵护双眼，缓解视力疲劳，眼睛干涩者、视力模糊者适用,5719,,shili.jpg,s1.jpg,s2.jpg,s3.jpg,s4.jpg,s5.jpg,481,haiwaigou.png,66,396,0:00:00,来益,64.3
66,汤臣倍健 天然β-胡萝卜素软胶囊 0.5g*100粒来自澳大利亚进口的胡萝卜素，每粒含4.71mg胡萝卜素，1瓶约3个月量,6346,,huluobo.jpg,h1.jpg,h2.jpg,h3.jpg,h4.jpg,h5.jpg,482,,67,397,0:00:00,汤臣倍健,65.3
67,汤臣倍健 多维男士多种维生素矿物质片 1.5g/片*60片 *2件,5721,,tang.jpg,t1.jpg,t2.jpg,t3.jpg,t4.jpg,t5.jpg,483,,68,398,0:00:00,汤臣倍健,66.3
68,21金维他 多维元素片 100片含12种维生素，8种矿物质，1种氨基酸促进维矿物质吸收，强化VA、VB好配方更适合中国人体质；成人及12岁以上儿童，一日2片，12岁以下1日1片，饭后服用,5722,,jinweita.jpg,j1.jpg,j2.jpg,j3.jpg,j4.jpg,j5.jpg,484,haiwaigou.png,69,399,0:00:00,金维他,67.3
69,来益牌 叶黄素咀嚼片 450mg*30片每日一粒，1瓶约1个月量，呵护双眼，缓解视力疲劳，眼睛干涩者、视力模糊者适用,34643,,shili.jpg,s1.jpg,s2.jpg,s3.jpg,s4.jpg,s5.jpg,485,,70,400,0:00:00,来益,68.3
70,汤臣倍健 天然β-胡萝卜素软胶囊 0.5g*100粒来自澳大利亚进口的胡萝卜素，每粒含4.71mg胡萝卜素，1瓶约3个月量,5724,ziying.png,huluobo.jpg,h1.jpg,h2.jpg,h3.jpg,h4.jpg,h5.jpg,486,,71,401,0:00:00,汤臣倍健,69.3
71,汤臣倍健 多维男士多种维生素矿物质片 1.5g/片*60片 *2件,5725,,tang.jpg,t1.jpg,t2.jpg,t3.jpg,t4.jpg,t5.jpg,487,,72,402,0:00:00,汤臣倍健,70.3
72,21金维他 多维元素片 100片含12种维生素，8种矿物质，1种氨基酸促进维矿物质吸收，强化VA、VB好配方更适合中国人体质；成人及12岁以上儿童，一日2片，12岁以下1日1片，饭后服用,5726,,jinweita.jpg,j1.jpg,j2.jpg,j3.jpg,j4.jpg,j5.jpg,488,,73,403,0:00:00,金维他,71.3
73,来益牌 叶黄素咀嚼片 450mg*30片每日一粒，1瓶约1个月量，呵护双眼，缓解视力疲劳，眼睛干涩者、视力模糊者适用,658568,,shili.jpg,s1.jpg,s2.jpg,s3.jpg,s4.jpg,s5.jpg,489,,74,404,0:00:00,来益,72.3
74,汤臣倍健 天然β-胡萝卜素软胶囊 0.5g*100粒来自澳大利亚进口的胡萝卜素，每粒含4.71mg胡萝卜素，1瓶约3个月量,5728,,huluobo.jpg,h1.jpg,h2.jpg,h3.jpg,h4.jpg,h5.jpg,490,,75,405,0:00:00,汤臣倍健,73.3
75,汤臣倍健 多维男士多种维生素矿物质片 1.5g/片*60片 *2件,5729,,tang.jpg,t1.jpg,t2.jpg,t3.jpg,t4.jpg,t5.jpg,491,,76,406,0:00:00,汤臣倍健,74.3
76,21金维他 多维元素片 100片含12种维生素，8种矿物质，1种氨基酸促进维矿物质吸收，强化VA、VB好配方更适合中国人体质；成人及12岁以上儿童，一日2片，12岁以下1日1片，饭后服用,6856,ziying.png,jinweita.jpg,j1.jpg,j2.jpg,j3.jpg,j4.jpg,j5.jpg,492,,77,407,0:00:00,金维他,75.3
77,来益牌 叶黄素咀嚼片 450mg*30片每日一粒，1瓶约1个月量，呵护双眼，缓解视力疲劳，眼睛干涩者、视力模糊者适用,5731,,shili.jpg,s1.jpg,s2.jpg,s3.jpg,s4.jpg,s5.jpg,493,haiwaigou.png,78,408,0:00:00,来益,76.3
78,汤臣倍健 天然β-胡萝卜素软胶囊 0.5g*100粒来自澳大利亚进口的胡萝卜素，每粒含4.71mg胡萝卜素，1瓶约3个月量,46346,,huluobo.jpg,h1.jpg,h2.jpg,h3.jpg,h4.jpg,h5.jpg,494,,79,409,0:00:00,汤臣倍健,77.3
79,汤臣倍健 多维男士多种维生素矿物质片 1.5g/片*60片 *2件,5733,,tang.jpg,t1.jpg,t2.jpg,t3.jpg,t4.jpg,t5.jpg,495,,80,410,0:00:00,汤臣倍健,78.3
80,21金维他 多维元素片 100片含12种维生素，8种矿物质，1种氨基酸促进维矿物质吸收，强化VA、VB好配方更适合中国人体质；成人及12岁以上儿童，一日2片，12岁以下1日1片，饭后服用,5734,,jinweita.jpg,j1.jpg,j2.jpg,j3.jpg,j4.jpg,j5.jpg,496,haiwaigou.png,81,411,0:00:00,金维他,79.3
81,来益牌 叶黄素咀嚼片 450mg*30片每日一粒，1瓶约1个月量，呵护双眼，缓解视力疲劳，眼睛干涩者、视力模糊者适用,5735,ziying.png,shili.jpg,s1.jpg,s2.jpg,s3.jpg,s4.jpg,s5.jpg,497,,82,412,0:00:00,来益,80.3
82,汤臣倍健 天然β-胡萝卜素软胶囊 0.5g*100粒来自澳大利亚进口的胡萝卜素，每粒含4.71mg胡萝卜素，1瓶约3个月量,5736,,huluobo.jpg,h1.jpg,h2.jpg,h3.jpg,h4.jpg,h5.jpg,498,,83,413,0:00:00,汤臣倍健,81.3
83,汤臣倍健 多维男士多种维生素矿物质片 1.5g/片*60片 *2件,5737,,tang.jpg,t1.jpg,t2.jpg,t3.jpg,t4.jpg,t5.jpg,499,,84,414,0:00:00,汤臣倍健,82.3
84,21金维他 多维元素片 100片含12种维生素，8种矿物质，1种氨基酸促进维矿物质吸收，强化VA、VB好配方更适合中国人体质；成人及12岁以上儿童，一日2片，12岁以下1日1片，饭后服用,5738,,jinweita.jpg,j1.jpg,j2.jpg,j3.jpg,j4.jpg,j5.jpg,500,,85,415,0:00:00,金维他,83.3
85,来益牌 叶黄素咀嚼片 450mg*30片每日一粒，1瓶约1个月量，呵护双眼，缓解视力疲劳，眼睛干涩者、视力模糊者适用,5739,ziying.png,shili.jpg,s1.jpg,s2.jpg,s3.jpg,s4.jpg,s5.jpg,501,haiwaigou.png,86,416,0:00:00,来益,84.3
86,汤臣倍健 天然β-胡萝卜素软胶囊 0.5g*100粒来自澳大利亚进口的胡萝卜素，每粒含4.71mg胡萝卜素，1瓶约3个月量,5740,,huluobo.jpg,h1.jpg,h2.jpg,h3.jpg,h4.jpg,h5.jpg,502,,87,417,0:00:00,汤臣倍健,85.3
87,汤臣倍健 多维男士多种维生素矿物质片 1.5g/片*60片 *2件,5741,,tang.jpg,t1.jpg,t2.jpg,t3.jpg,t4.jpg,t5.jpg,503,,88,418,0:00:00,汤臣倍健,86.3
88,21金维他 多维元素片 100片含12种维生素，8种矿物质，1种氨基酸促进维矿物质吸收，强化VA、VB好配方更适合中国人体质；成人及12岁以上儿童，一日2片，12岁以下1日1片，饭后服用,5742,,jinweita.jpg,j1.jpg,j2.jpg,j3.jpg,j4.jpg,j5.jpg,504,,89,419,0:00:00,金维他,87.3
89,来益牌 叶黄素咀嚼片 450mg*30片每日一粒，1瓶约1个月量，呵护双眼，缓解视力疲劳，眼睛干涩者、视力模糊者适用,5743,,shili.jpg,s1.jpg,s2.jpg,s3.jpg,s4.jpg,s5.jpg,505,,90,420,0:00:00,来益,88.3
90,汤臣倍健 天然β-胡萝卜素软胶囊 0.5g*100粒来自澳大利亚进口的胡萝卜素，每粒含4.71mg胡萝卜素，1瓶约3个月量,5744,,huluobo.jpg,h1.jpg,h2.jpg,h3.jpg,h4.jpg,h5.jpg,506,,91,421,0:00:00,汤臣倍健,89.3
91,汤臣倍健 多维男士多种维生素矿物质片 1.5g/片*60片 *2件,5745,ziying.png,tang.jpg,t1.jpg,t2.jpg,t3.jpg,t4.jpg,t5.jpg,507,haiwaigou.png,92,422,0:00:00,汤臣倍健,90.3
92,21金维他 多维元素片 100片含12种维生素，8种矿物质，1种氨基酸促进维矿物质吸收，强化VA、VB好配方更适合中国人体质；成人及12岁以上儿童，一日2片，12岁以下1日1片，饭后服用,5746,,jinweita.jpg,j1.jpg,j2.jpg,j3.jpg,j4.jpg,j5.jpg,508,,93,423,0:00:00,金维他,91.3
93,来益牌 叶黄素咀嚼片 450mg*30片每日一粒，1瓶约1个月量，呵护双眼，缓解视力疲劳，眼睛干涩者、视力模糊者适用,5747,,shili.jpg,s1.jpg,s2.jpg,s3.jpg,s4.jpg,s5.jpg,509,,94,424,0:00:00,来益,92.3
94,汤臣倍健 天然β-胡萝卜素软胶囊 0.5g*100粒来自澳大利亚进口的胡萝卜素，每粒含4.71mg胡萝卜素，1瓶约3个月量,5748,,huluobo.jpg,h1.jpg,h2.jpg,h3.jpg,h4.jpg,h5.jpg,510,,95,425,0:00:00,汤臣倍健,93.3
95,汤臣倍健 多维男士多种维生素矿物质片 1.5g/片*60片 *2件,5749,ziying.png,tang.jpg,t1.jpg,t2.jpg,t3.jpg,t4.jpg,t5.jpg,511,,96,426,0:00:00,汤臣倍健,94.3
96,21金维他 多维元素片 100片含12种维生素，8种矿物质，1种氨基酸促进维矿物质吸收，强化VA、VB好配方更适合中国人体质；成人及12岁以上儿童，一日2片，12岁以下1日1片，饭后服用,5750,,jinweita.jpg,j1.jpg,j2.jpg,j3.jpg,j4.jpg,j5.jpg,512,,97,427,0:00:00,金维他,95.3
97,来益牌 叶黄素咀嚼片 450mg*30片每日一粒，1瓶约1个月量，呵护双眼，缓解视力疲劳，眼睛干涩者、视力模糊者适用,5751,,shili.jpg,s1.jpg,s2.jpg,s3.jpg,s4.jpg,s5.jpg,513,haiwaigou.png,98,428,0:00:00,来益,96.3
98,汤臣倍健 天然β-胡萝卜素软胶囊 0.5g*100粒来自澳大利亚进口的胡萝卜素，每粒含4.71mg胡萝卜素，1瓶约3个月量,5752,,huluobo.jpg,h1.jpg,h2.jpg,h3.jpg,h4.jpg,h5.jpg,514,,99,429,0:00:00,汤臣倍健,97.3
99,汤臣倍健 多维男士多种维生素矿物质片 1.5g/片*60片 *2件,5753,,tang.jpg,t1.jpg,t2.jpg,t3.jpg,t4.jpg,t5.jpg,515,,100,430,0:00:00,汤臣倍健,98.3
100,21金维他 多维元素片 100片含12种维生素，8种矿物质，1种氨基酸促进维矿物质吸收，强化VA、VB好配方更适合中国人体质；成人及12岁以上儿童，一日2片，12岁以下1日1片，饭后服用,5754,,jinweita.jpg,j1.jpg,j2.jpg,j3.jpg,j4.jpg,j5.jpg,516,,101,431,0:00:00,金维他,99.3
101,来益牌 叶黄素咀嚼片 450mg*30片每日一粒，1瓶约1个月量，呵护双眼，缓解视力疲劳，眼睛干涩者、视力模糊者适用,5755,,shili.jpg,s1.jpg,s2.jpg,s3.jpg,s4.jpg,s5.jpg,517,,102,432,0:00:00,来益,100.3
102,汤臣倍健 天然β-胡萝卜素软胶囊 0.5g*100粒来自澳大利亚进口的胡萝卜素，每粒含4.71mg胡萝卜素，1瓶约3个月量,5756,ziying.png,huluobo.jpg,h1.jpg,h2.jpg,h3.jpg,h4.jpg,h5.jpg,518,,103,433,0:00:00,汤臣倍健,101.3
103,汤臣倍健 多维男士多种维生素矿物质片 1.5g/片*60片 *2件,5757,,tang.jpg,t1.jpg,t2.jpg,t3.jpg,t4.jpg,t5.jpg,519,,104,434,0:00:00,汤臣倍健,102.3
104,21金维他 多维元素片 100片含12种维生素，8种矿物质，1种氨基酸促进维矿物质吸收，强化VA、VB好配方更适合中国人体质；成人及12岁以上儿童，一日2片，12岁以下1日1片，饭后服用,5758,,jinweita.jpg,j1.jpg,j2.jpg,j3.jpg,j4.jpg,j5.jpg,520,,105,435,0:00:00,金维他,103.3
105,来益牌 叶黄素咀嚼片 450mg*30片每日一粒，1瓶约1个月量，呵护双眼，缓解视力疲劳，眼睛干涩者、视力模糊者适用,5759,ziying.png,shili.jpg,s1.jpg,s2.jpg,s3.jpg,s4.jpg,s5.jpg,521,,106,436,0:00:00,来益,104.3
106,汤臣倍健 天然β-胡萝卜素软胶囊 0.5g*100粒来自澳大利亚进口的胡萝卜素，每粒含4.71mg胡萝卜素，1瓶约3个月量,5760,,huluobo.jpg,h1.jpg,h2.jpg,h3.jpg,h4.jpg,h5.jpg,522,,107,437,0:00:00,汤臣倍健,105.3
107,汤臣倍健 多维男士多种维生素矿物质片 1.5g/片*60片 *2件,5761,,tang.jpg,t1.jpg,t2.jpg,t3.jpg,t4.jpg,t5.jpg,523,,108,438,0:00:00,汤臣倍健,106.3
108,21金维他 多维元素片 100片含12种维生素，8种矿物质，1种氨基酸促进维矿物质吸收，强化VA、VB好配方更适合中国人体质；成人及12岁以上儿童，一日2片，12岁以下1日1片，饭后服用,5762,,jinweita.jpg,j1.jpg,j2.jpg,j3.jpg,j4.jpg,j5.jpg,524,haiwaigou.png,109,439,0:00:00,金维他,107.3
109,来益牌 叶黄素咀嚼片 450mg*30片每日一粒，1瓶约1个月量，呵护双眼，缓解视力疲劳，眼睛干涩者、视力模糊者适用,5763,,shili.jpg,s1.jpg,s2.jpg,s3.jpg,s4.jpg,s5.jpg,525,,110,440,0:00:00,来益,108.3
110,汤臣倍健 天然β-胡萝卜素软胶囊 0.5g*100粒来自澳大利亚进口的胡萝卜素，每粒含4.71mg胡萝卜素，1瓶约3个月量,5764,,huluobo.jpg,h1.jpg,h2.jpg,h3.jpg,h4.jpg,h5.jpg,526,,111,441,0:00:00,汤臣倍健,109.3
111,汤臣倍健 多维男士多种维生素矿物质片 1.5g/片*60片 *2件,5765,,tang.jpg,t1.jpg,t2.jpg,t3.jpg,t4.jpg,t5.jpg,527,,112,442,0:00:00,汤臣倍健,110.3
112,21金维他 多维元素片 100片含12种维生素，8种矿物质，1种氨基酸促进维矿物质吸收，强化VA、VB好配方更适合中国人体质；成人及12岁以上儿童，一日2片，12岁以下1日1片，饭后服用,5766,,jinweita.jpg,j1.jpg,j2.jpg,j3.jpg,j4.jpg,j5.jpg,528,,113,443,0:00:00,金维他,111.3
113,来益牌 叶黄素咀嚼片 450mg*30片每日一粒，1瓶约1个月量，呵护双眼，缓解视力疲劳，眼睛干涩者、视力模糊者适用,5767,,shili.jpg,s1.jpg,s2.jpg,s3.jpg,s4.jpg,s5.jpg,529,,114,444,0:00:00,来益,112.3
114,汤臣倍健 天然β-胡萝卜素软胶囊 0.5g*100粒来自澳大利亚进口的胡萝卜素，每粒含4.71mg胡萝卜素，1瓶约3个月量,5768,,huluobo.jpg,h1.jpg,h2.jpg,h3.jpg,h4.jpg,h5.jpg,530,,115,445,0:00:00,汤臣倍健,113.3
115,汤臣倍健 多维男士多种维生素矿物质片 1.5g/片*60片 *2件,5769,ziying.png,tang.jpg,t1.jpg,t2.jpg,t3.jpg,t4.jpg,t5.jpg,531,,116,446,0:00:00,汤臣倍健,114.3
116,21金维他 多维元素片 100片含12种维生素，8种矿物质，1种氨基酸促进维矿物质吸收，强化VA、VB好配方更适合中国人体质；成人及12岁以上儿童，一日2片，12岁以下1日1片，饭后服用,5770,,jinweita.jpg,j1.jpg,j2.jpg,j3.jpg,j4.jpg,j5.jpg,532,,117,447,0:00:00,金维他,115.3
117,来益牌 叶黄素咀嚼片 450mg*30片每日一粒，1瓶约1个月量，呵护双眼，缓解视力疲劳，眼睛干涩者、视力模糊者适用,5771,,shili.jpg,s1.jpg,s2.jpg,s3.jpg,s4.jpg,s5.jpg,533,haiwaigou.png,118,448,0:00:00,来益,116.3
118,汤臣倍健 天然β-胡萝卜素软胶囊 0.5g*100粒来自澳大利亚进口的胡萝卜素，每粒含4.71mg胡萝卜素，1瓶约3个月量,5772,,huluobo.jpg,h1.jpg,h2.jpg,h3.jpg,h4.jpg,h5.jpg,534,,119,449,0:00:00,汤臣倍健,117.3
119,汤臣倍健 多维男士多种维生素矿物质片 1.5g/片*60片 *2件,5773,,tang.jpg,t1.jpg,t2.jpg,t3.jpg,t4.jpg,t5.jpg,535,,120,450,0:00:00,汤臣倍健,118.3
120,21金维他 多维元素片 100片含12种维生素，8种矿物质，1种氨基酸促进维矿物质吸收，强化VA、VB好配方更适合中国人体质；成人及12岁以上儿童，一日2片，12岁以下1日1片，饭后服用,5774,ziying.png,jinweita.jpg,j1.jpg,j2.jpg,j3.jpg,j4.jpg,j5.jpg,536,,121,451,0:00:00,金维他,119.3
121,来益牌 叶黄素咀嚼片 450mg*30片每日一粒，1瓶约1个月量，呵护双眼，缓解视力疲劳，眼睛干涩者、视力模糊者适用,5775,,shili.jpg,s1.jpg,s2.jpg,s3.jpg,s4.jpg,s5.jpg,537,,122,452,0:00:00,来益,120.3
122,汤臣倍健 天然β-胡萝卜素软胶囊 0.5g*100粒来自澳大利亚进口的胡萝卜素，每粒含4.71mg胡萝卜素，1瓶约3个月量,5776,,huluobo.jpg,h1.jpg,h2.jpg,h3.jpg,h4.jpg,h5.jpg,538,,123,453,0:00:00,汤臣倍健,121.3
123,汤臣倍健 多维男士多种维生素矿物质片 1.5g/片*60片 *2件,5777,,tang.jpg,t1.jpg,t2.jpg,t3.jpg,t4.jpg,t5.jpg,539,,124,454,0:00:00,汤臣倍健,122.3
124,21金维他 多维元素片 100片含12种维生素，8种矿物质，1种氨基酸促进维矿物质吸收，强化VA、VB好配方更适合中国人体质；成人及12岁以上儿童，一日2片，12岁以下1日1片，饭后服用,5778,ziying.png,jinweita.jpg,j1.jpg,j2.jpg,j3.jpg,j4.jpg,j5.jpg,540,haiwaigou.png,125,455,0:00:00,金维他,123.3
125,来益牌 叶黄素咀嚼片 450mg*30片每日一粒，1瓶约1个月量，呵护双眼，缓解视力疲劳，眼睛干涩者、视力模糊者适用,5779,,shili.jpg,s1.jpg,s2.jpg,s3.jpg,s4.jpg,s5.jpg,541,,126,456,0:00:00,来益,124.3
126,汤臣倍健 天然β-胡萝卜素软胶囊 0.5g*100粒来自澳大利亚进口的胡萝卜素，每粒含4.71mg胡萝卜素，1瓶约3个月量,5780,,huluobo.jpg,h1.jpg,h2.jpg,h3.jpg,h4.jpg,h5.jpg,542,,127,457,0:00:00,汤臣倍健,125.3
127,汤臣倍健 多维男士多种维生素矿物质片 1.5g/片*60片 *2件,5781,,tang.jpg,t1.jpg,t2.jpg,t3.jpg,t4.jpg,t5.jpg,543,,128,458,0:00:00,汤臣倍健,126.3
128,21金维他 多维元素片 100片含12种维生素，8种矿物质，1种氨基酸促进维矿物质吸收，强化VA、VB好配方更适合中国人体质；成人及12岁以上儿童，一日2片，12岁以下1日1片，饭后服用,5782,ziying.png,jinweita.jpg,j1.jpg,j2.jpg,j3.jpg,j4.jpg,j5.jpg,544,,129,459,0:00:00,金维他,127.3
129,来益牌 叶黄素咀嚼片 450mg*30片每日一粒，1瓶约1个月量，呵护双眼，缓解视力疲劳，眼睛干涩者、视力模糊者适用,5783,,shili.jpg,s1.jpg,s2.jpg,s3.jpg,s4.jpg,s5.jpg,545,,130,460,0:00:00,来益,128.3
130,汤臣倍健 天然β-胡萝卜素软胶囊 0.5g*100粒来自澳大利亚进口的胡萝卜素，每粒含4.71mg胡萝卜素，1瓶约3个月量,5784,,huluobo.jpg,h1.jpg,h2.jpg,h3.jpg,h4.jpg,h5.jpg,546,haiwaigou.png,131,461,0:00:00,汤臣倍健,129.3
131,汤臣倍健 多维男士多种维生素矿物质片 1.5g/片*60片 *2件,5785,,tang.jpg,t1.jpg,t2.jpg,t3.jpg,t4.jpg,t5.jpg,547,,132,462,0:00:00,汤臣倍健,130.3
132,21金维他 多维元素片 100片含12种维生素，8种矿物质，1种氨基酸促进维矿物质吸收，强化VA、VB好配方更适合中国人体质；成人及12岁以上儿童，一日2片，12岁以下1日1片，饭后服用,5786,,jinweita.jpg,j1.jpg,j2.jpg,j3.jpg,j4.jpg,j5.jpg,548,,133,463,0:00:00,金维他,131.3
133,来益牌 叶黄素咀嚼片 450mg*30片每日一粒，1瓶约1个月量，呵护双眼，缓解视力疲劳，眼睛干涩者、视力模糊者适用,5787,,shili.jpg,s1.jpg,s2.jpg,s3.jpg,s4.jpg,s5.jpg,549,,134,464,0:00:00,来益,132.3
134,汤臣倍健 天然β-胡萝卜素软胶囊 0.5g*100粒来自澳大利亚进口的胡萝卜素，每粒含4.71mg胡萝卜素，1瓶约3个月量,5788,,huluobo.jpg,h1.jpg,h2.jpg,h3.jpg,h4.jpg,h5.jpg,550,,135,465,0:00:00,汤臣倍健,133.3
135,汤臣倍健 多维男士多种维生素矿物质片 1.5g/片*60片 *2件,5789,,tang.jpg,t1.jpg,t2.jpg,t3.jpg,t4.jpg,t5.jpg,551,,136,466,0:00:00,汤臣倍健,134.3
136,21金维他 多维元素片 100片含12种维生素，8种矿物质，1种氨基酸促进维矿物质吸收，强化VA、VB好配方更适合中国人体质；成人及12岁以上儿童，一日2片，12岁以下1日1片，饭后服用,5790,ziying.png,jinweita.jpg,j1.jpg,j2.jpg,j3.jpg,j4.jpg,j5.jpg,552,,137,467,0:00:00,金维他,135.3
137,来益牌 叶黄素咀嚼片 450mg*30片每日一粒，1瓶约1个月量，呵护双眼，缓解视力疲劳，眼睛干涩者、视力模糊者适用,5791,,shili.jpg,s1.jpg,s2.jpg,s3.jpg,s4.jpg,s5.jpg,553,haiwaigou.png,138,468,0:00:00,来益,136.3
138,汤臣倍健 天然β-胡萝卜素软胶囊 0.5g*100粒来自澳大利亚进口的胡萝卜素，每粒含4.71mg胡萝卜素，1瓶约3个月量,5792,,huluobo.jpg,h1.jpg,h2.jpg,h3.jpg,h4.jpg,h5.jpg,554,,139,469,0:00:00,汤臣倍健,137.3
139,汤臣倍健 多维男士多种维生素矿物质片 1.5g/片*60片 *2件,5793,,tang.jpg,t1.jpg,t2.jpg,t3.jpg,t4.jpg,t5.jpg,555,,140,470,0:00:00,汤臣倍健,138.3
140,21金维他 多维元素片 100片含12种维生素，8种矿物质，1种氨基酸促进维矿物质吸收，强化VA、VB好配方更适合中国人体质；成人及12岁以上儿童，一日2片，12岁以下1日1片，饭后服用,5794,ziying.png,jinweita.jpg,j1.jpg,j2.jpg,j3.jpg,j4.jpg,j5.jpg,556,,141,471,0:00:00,金维他,139.3
141,来益牌 叶黄素咀嚼片 450mg*30片每日一粒，1瓶约1个月量，呵护双眼，缓解视力疲劳，眼睛干涩者、视力模糊者适用,5795,,shili.jpg,s1.jpg,s2.jpg,s3.jpg,s4.jpg,s5.jpg,557,,142,472,0:00:00,来益,140.3
142,汤臣倍健 天然β-胡萝卜素软胶囊 0.5g*100粒来自澳大利亚进口的胡萝卜素，每粒含4.71mg胡萝卜素，1瓶约3个月量,5796,,huluobo.jpg,h1.jpg,h2.jpg,h3.jpg,h4.jpg,h5.jpg,558,,143,473,0:00:00,汤臣倍健,141.3
143,汤臣倍健 多维男士多种维生素矿物质片 1.5g/片*60片 *2件,5797,,tang.jpg,t1.jpg,t2.jpg,t3.jpg,t4.jpg,t5.jpg,559,haiwaigou.png,144,474,0:00:00,汤臣倍健,142.3
144,21金维他 多维元素片 100片含12种维生素，8种矿物质，1种氨基酸促进维矿物质吸收，强化VA、VB好配方更适合中国人体质；成人及12岁以上儿童，一日2片，12岁以下1日1片，饭后服用,5798,ziying.png,jinweita.jpg,j1.jpg,j2.jpg,j3.jpg,j4.jpg,j5.jpg,560,,145,475,0:00:00,金维他,143.3
145,来益牌 叶黄素咀嚼片 450mg*30片每日一粒，1瓶约1个月量，呵护双眼，缓解视力疲劳，眼睛干涩者、视力模糊者适用,5799,,shili.jpg,s1.jpg,s2.jpg,s3.jpg,s4.jpg,s5.jpg,561,,146,476,0:00:00,来益,144.3
146,汤臣倍健 天然β-胡萝卜素软胶囊 0.5g*100粒来自澳大利亚进口的胡萝卜素，每粒含4.71mg胡萝卜素，1瓶约3个月量,5800,,huluobo.jpg,h1.jpg,h2.jpg,h3.jpg,h4.jpg,h5.jpg,562,,147,477,0:00:00,汤臣倍健,145.3
147,汤臣倍健 多维男士多种维生素矿物质片 1.5g/片*60片 *2件,5801,ziying.png,tang.jpg,t1.jpg,t2.jpg,t3.jpg,t4.jpg,t5.jpg,563,,148,478,0:00:00,汤臣倍健,146.3
148,21金维他 多维元素片 100片含12种维生素，8种矿物质，1种氨基酸促进维矿物质吸收，强化VA、VB好配方更适合中国人体质；成人及12岁以上儿童，一日2片，12岁以下1日1片，饭后服用,5802,,jinweita.jpg,j1.jpg,j2.jpg,j3.jpg,j4.jpg,j5.jpg,564,,149,479,0:00:00,金维他,147.3
149,来益牌 叶黄素咀嚼片 450mg*30片每日一粒，1瓶约1个月量，呵护双眼，缓解视力疲劳，眼睛干涩者、视力模糊者适用,5803,,shili.jpg,s1.jpg,s2.jpg,s3.jpg,s4.jpg,s5.jpg,565,,150,480,0:00:00,来益,148.3
150,汤臣倍健 天然β-胡萝卜素软胶囊 0.5g*100粒来自澳大利亚进口的胡萝卜素，每粒含4.71mg胡萝卜素，1瓶约3个月量,5804,,huluobo.jpg,h1.jpg,h2.jpg,h3.jpg,h4.jpg,h5.jpg,566,,151,481,0:00:00,汤臣倍健,149.3
151,汤臣倍健 多维男士多种维生素矿物质片 1.5g/片*60片 *2件,5805,,tang.jpg,t1.jpg,t2.jpg,t3.jpg,t4.jpg,t5.jpg,567,,152,482,0:00:00,汤臣倍健,150.3
152,21金维他 多维元素片 100片含12种维生素，8种矿物质，1种氨基酸促进维矿物质吸收，强化VA、VB好配方更适合中国人体质；成人及12岁以上儿童，一日2片，12岁以下1日1片，饭后服用,5806,ziying.png,jinweita.jpg,j1.jpg,j2.jpg,j3.jpg,j4.jpg,j5.jpg,568,,153,483,0:00:00,金维他,151.3
153,来益牌 叶黄素咀嚼片 450mg*30片每日一粒，1瓶约1个月量，呵护双眼，缓解视力疲劳，眼睛干涩者、视力模糊者适用,5807,,shili.jpg,s1.jpg,s2.jpg,s3.jpg,s4.jpg,s5.jpg,569,haiwaigou.png,2341,484,0:00:00,来益,152.3
154,汤臣倍健 天然β-胡萝卜素软胶囊 0.5g*100粒来自澳大利亚进口的胡萝卜素，每粒含4.71mg胡萝卜素，1瓶约3个月量,5808,,huluobo.jpg,h1.jpg,h2.jpg,h3.jpg,h4.jpg,h5.jpg,570,,155,23412,0:00:00,汤臣倍健,153.3
155,汤臣倍健 多维男士多种维生素矿物质片 1.5g/片*60片 *2件,5809,,tang.jpg,t1.jpg,t2.jpg,t3.jpg,t4.jpg,t5.jpg,571,,156,486,0:00:00,汤臣倍健,154.3
156,21金维他 多维元素片 100片含12种维生素，8种矿物质，1种氨基酸促进维矿物质吸收，强化VA、VB好配方更适合中国人体质；成人及12岁以上儿童，一日2片，12岁以下1日1片，饭后服用,5810,,jinweita.jpg,j1.jpg,j2.jpg,j3.jpg,j4.jpg,j5.jpg,572,,157,487,0:00:00,金维他,155.3
157,来益牌 叶黄素咀嚼片 450mg*30片每日一粒，1瓶约1个月量，呵护双眼，缓解视力疲劳，眼睛干涩者、视力模糊者适用,5811,ziying.png,shili.jpg,s1.jpg,s2.jpg,s3.jpg,s4.jpg,s5.jpg,573,,158,488,0:00:00,来益,156.3
158,汤臣倍健 天然β-胡萝卜素软胶囊 0.5g*100粒来自澳大利亚进口的胡萝卜素，每粒含4.71mg胡萝卜素，1瓶约3个月量,5812,,huluobo.jpg,h1.jpg,h2.jpg,h3.jpg,h4.jpg,h5.jpg,574,haiwaigou.png,159,489,0:00:00,汤臣倍健,157.3
159,汤臣倍健 多维男士多种维生素矿物质片 1.5g/片*60片 *2件,5813,,tang.jpg,t1.jpg,t2.jpg,t3.jpg,t4.jpg,t5.jpg,575,,160,490,0:00:00,汤臣倍健,158.3
160,21金维他 多维元素片 100片含12种维生素，8种矿物质，1种氨基酸促进维矿物质吸收，强化VA、VB好配方更适合中国人体质；成人及12岁以上儿童，一日2片，12岁以下1日1片，饭后服用,5814,,jinweita.jpg,j1.jpg,j2.jpg,j3.jpg,j4.jpg,j5.jpg,576,,161,491,0:00:00,金维他,159.3
161,来益牌 叶黄素咀嚼片 450mg*30片每日一粒，1瓶约1个月量，呵护双眼，缓解视力疲劳，眼睛干涩者、视力模糊者适用,5815,,shili.jpg,s1.jpg,s2.jpg,s3.jpg,s4.jpg,s5.jpg,577,,162,492,0:00:00,来益,160.3
162,汤臣倍健 天然β-胡萝卜素软胶囊 0.5g*100粒来自澳大利亚进口的胡萝卜素，每粒含4.71mg胡萝卜素，1瓶约3个月量,5816,,huluobo.jpg,h1.jpg,h2.jpg,h3.jpg,h4.jpg,h5.jpg,578,,163,493,0:00:00,汤臣倍健,161.3
163,汤臣倍健 多维男士多种维生素矿物质片 1.5g/片*60片 *2件,5817,ziying.png,tang.jpg,t1.jpg,t2.jpg,t3.jpg,t4.jpg,t5.jpg,579,,164,494,0:00:00,汤臣倍健,162.3
164,21金维他 多维元素片 100片含12种维生素，8种矿物质，1种氨基酸促进维矿物质吸收，强化VA、VB好配方更适合中国人体质；成人及12岁以上儿童，一日2片，12岁以下1日1片，饭后服用,5818,,jinweita.jpg,j1.jpg,j2.jpg,j3.jpg,j4.jpg,j5.jpg,580,,165,495,0:00:00,金维他,163.3
165,来益牌 叶黄素咀嚼片 450mg*30片每日一粒，1瓶约1个月量，呵护双眼，缓解视力疲劳，眼睛干涩者、视力模糊者适用,5819,,shili.jpg,s1.jpg,s2.jpg,s3.jpg,s4.jpg,s5.jpg,581,haiwaigou.png,166,4421235,0:00:00,来益,164.3
166,汤臣倍健 天然β-胡萝卜素软胶囊 0.5g*100粒来自澳大利亚进口的胡萝卜素，每粒含4.71mg胡萝卜素，1瓶约3个月量,5820,,huluobo.jpg,h1.jpg,h2.jpg,h3.jpg,h4.jpg,h5.jpg,582,,1313,497,0:00:00,汤臣倍健,165.3
167,汤臣倍健 多维男士多种维生素矿物质片 1.5g/片*60片 *2件,5821,,tang.jpg,t1.jpg,t2.jpg,t3.jpg,t4.jpg,t5.jpg,583,,168,498,0:00:00,汤臣倍健,166.3
168,21金维他 多维元素片 100片含12种维生素，8种矿物质，1种氨基酸促进维矿物质吸收，强化VA、VB好配方更适合中国人体质；成人及12岁以上儿童，一日2片，12岁以下1日1片，饭后服用,5822,ziying.png,jinweita.jpg,j1.jpg,j2.jpg,j3.jpg,j4.jpg,j5.jpg,584,,4564,499,0:00:00,金维他,167.3
169,来益牌 叶黄素咀嚼片 450mg*30片每日一粒，1瓶约1个月量，呵护双眼，缓解视力疲劳，眼睛干涩者、视力模糊者适用,5823,,shili.jpg,s1.jpg,s2.jpg,s3.jpg,s4.jpg,s5.jpg,585,,170,500,0:00:00,来益,168.3
170,汤臣倍健 天然β-胡萝卜素软胶囊 0.5g*100粒来自澳大利亚进口的胡萝卜素，每粒含4.71mg胡萝卜素，1瓶约3个月量,5824,,huluobo.jpg,h1.jpg,h2.jpg,h3.jpg,h4.jpg,h5.jpg,586,,171,501,0:00:00,汤臣倍健,169.3
171,汤臣倍健 多维男士多种维生素矿物质片 1.5g/片*60片 *2件,5825,,tang.jpg,t1.jpg,t2.jpg,t3.jpg,t4.jpg,t5.jpg,587,,172,502,0:00:00,汤臣倍健,170.3
172,21金维他 多维元素片 100片含12种维生素，8种矿物质，1种氨基酸促进维矿物质吸收，强化VA、VB好配方更适合中国人体质；成人及12岁以上儿童，一日2片，12岁以下1日1片，饭后服用,5826,,jinweita.jpg,j1.jpg,j2.jpg,j3.jpg,j4.jpg,j5.jpg,588,,173,503,0:00:00,金维他,171.3
173,来益牌 叶黄素咀嚼片 450mg*30片每日一粒，1瓶约1个月量，呵护双眼，缓解视力疲劳，眼睛干涩者、视力模糊者适用,5827,ziying.png,shili.jpg,s1.jpg,s2.jpg,s3.jpg,s4.jpg,s5.jpg,589,,174,504,0:00:00,来益,172.3
174,汤臣倍健 天然β-胡萝卜素软胶囊 0.5g*100粒来自澳大利亚进口的胡萝卜素，每粒含4.71mg胡萝卜素，1瓶约3个月量,5828,,huluobo.jpg,h1.jpg,h2.jpg,h3.jpg,h4.jpg,h5.jpg,590,,175,505,0:00:00,汤臣倍健,173.3
175,汤臣倍健 多维男士多种维生素矿物质片 1.5g/片*60片 *2件,5829,,tang.jpg,t1.jpg,t2.jpg,t3.jpg,t4.jpg,t5.jpg,591,,176,506,0:00:00,汤臣倍健,174.3
176,21金维他 多维元素片 100片含12种维生素，8种矿物质，1种氨基酸促进维矿物质吸收，强化VA、VB好配方更适合中国人体质；成人及12岁以上儿童，一日2片，12岁以下1日1片，饭后服用,5830,,jinweita.jpg,j1.jpg,j2.jpg,j3.jpg,j4.jpg,j5.jpg,592,,177,507,0:00:00,金维他,175.3
177,来益牌 叶黄素咀嚼片 450mg*30片每日一粒，1瓶约1个月量，呵护双眼，缓解视力疲劳，眼睛干涩者、视力模糊者适用,5831,ziying.png,shili.jpg,s1.jpg,s2.jpg,s3.jpg,s4.jpg,s5.jpg,593,,178,508,0:00:00,来益,176.3
178,汤臣倍健 天然β-胡萝卜素软胶囊 0.5g*100粒来自澳大利亚进口的胡萝卜素，每粒含4.71mg胡萝卜素，1瓶约3个月量,5832,,huluobo.jpg,h1.jpg,h2.jpg,h3.jpg,h4.jpg,h5.jpg,594,haiwaigou.png,179,509,0:00:00,汤臣倍健,177.3
179,汤臣倍健 多维男士多种维生素矿物质片 1.5g/片*60片 *2件,5833,,tang.jpg,t1.jpg,t2.jpg,t3.jpg,t4.jpg,t5.jpg,595,,180,510,0:00:00,汤臣倍健,178.3
180,21金维他 多维元素片 100片含12种维生素，8种矿物质，1种氨基酸促进维矿物质吸收，强化VA、VB好配方更适合中国人体质；成人及12岁以上儿童，一日2片，12岁以下1日1片，饭后服用,5834,,jinweita.jpg,j1.jpg,j2.jpg,j3.jpg,j4.jpg,j5.jpg,596,haiwaigou.png,23332,511,0:00:00,金维他,179.3
181,来益牌 叶黄素咀嚼片 450mg*30片每日一粒，1瓶约1个月量，呵护双眼，缓解视力疲劳，眼睛干涩者、视力模糊者适用,5835,,shili.jpg,s1.jpg,s2.jpg,s3.jpg,s4.jpg,s5.jpg,597,,182,512,0:00:00,来益,180.3
182,汤臣倍健 天然β-胡萝卜素软胶囊 0.5g*100粒来自澳大利亚进口的胡萝卜素，每粒含4.71mg胡萝卜素，1瓶约3个月量,5836,,huluobo.jpg,h1.jpg,h2.jpg,h3.jpg,h4.jpg,h5.jpg,598,,183,513,0:00:00,汤臣倍健,181.3
183,汤臣倍健 多维男士多种维生素矿物质片 1.5g/片*60片 *2件,5837,,tang.jpg,t1.jpg,t2.jpg,t3.jpg,t4.jpg,t5.jpg,599,,184,43243,0:00:00,汤臣倍健,182.3
184,21金维他 多维元素片 100片含12种维生素，8种矿物质，1种氨基酸促进维矿物质吸收，强化VA、VB好配方更适合中国人体质；成人及12岁以上儿童，一日2片，12岁以下1日1片，饭后服用,5838,,jinweita.jpg,j1.jpg,j2.jpg,j3.jpg,j4.jpg,j5.jpg,600,,185,515,0:00:00,金维他,183.3
185,来益牌 叶黄素咀嚼片 450mg*30片每日一粒，1瓶约1个月量，呵护双眼，缓解视力疲劳，眼睛干涩者、视力模糊者适用,5839,,shili.jpg,s1.jpg,s2.jpg,s3.jpg,s4.jpg,s5.jpg,601,,186,516,0:00:00,来益,184.3
186,汤臣倍健 天然β-胡萝卜素软胶囊 0.5g*100粒来自澳大利亚进口的胡萝卜素，每粒含4.71mg胡萝卜素，1瓶约3个月量,5840,ziying.png,huluobo.jpg,h1.jpg,h2.jpg,h3.jpg,h4.jpg,h5.jpg,602,,2342,517,0:00:00,汤臣倍健,185.3
187,汤臣倍健 多维男士多种维生素矿物质片 1.5g/片*60片 *2件,5841,,tang.jpg,t1.jpg,t2.jpg,t3.jpg,t4.jpg,t5.jpg,603,,188,4323,0:00:00,汤臣倍健,186.3
188,21金维他 多维元素片 100片含12种维生素，8种矿物质，1种氨基酸促进维矿物质吸收，强化VA、VB好配方更适合中国人体质；成人及12岁以上儿童，一日2片，12岁以下1日1片，饭后服用,5842,,jinweita.jpg,j1.jpg,j2.jpg,j3.jpg,j4.jpg,j5.jpg,604,haiwaigou.png,189,519,0:00:00,金维他,187.3
189,来益牌 叶黄素咀嚼片 450mg*30片每日一粒，1瓶约1个月量，呵护双眼，缓解视力疲劳，眼睛干涩者、视力模糊者适用,5843,,shili.jpg,s1.jpg,s2.jpg,s3.jpg,s4.jpg,s5.jpg,605,,190,520,0:00:00,来益,188.3
190,汤臣倍健 天然β-胡萝卜素软胶囊 0.5g*100粒来自澳大利亚进口的胡萝卜素，每粒含4.71mg胡萝卜素，1瓶约3个月量,5844,,huluobo.jpg,h1.jpg,h2.jpg,h3.jpg,h4.jpg,h5.jpg,606,,191,521,0:00:00,汤臣倍健,189.3
191,汤臣倍健 多维男士多种维生素矿物质片 1.5g/片*60片 *2件,5845,,tang.jpg,t1.jpg,t2.jpg,t3.jpg,t4.jpg,t5.jpg,607,,192,522,0:00:00,汤臣倍健,190.3
192,21金维他 多维元素片 100片含12种维生素，8种矿物质，1种氨基酸促进维矿物质吸收，强化VA、VB好配方更适合中国人体质；成人及12岁以上儿童，一日2片，12岁以下1日1片，饭后服用,5846,,jinweita.jpg,j1.jpg,j2.jpg,j3.jpg,j4.jpg,j5.jpg,608,,193,445,0:00:00,金维他,191.3
193,来益牌 叶黄素咀嚼片 450mg*30片每日一粒，1瓶约1个月量，呵护双眼，缓解视力疲劳，眼睛干涩者、视力模糊者适用,5847,ziying.png,shili.jpg,s1.jpg,s2.jpg,s3.jpg,s4.jpg,s5.jpg,609,,194,524,0:00:00,来益,192.3
194,汤臣倍健 天然β-胡萝卜素软胶囊 0.5g*100粒来自澳大利亚进口的胡萝卜素，每粒含4.71mg胡萝卜素，1瓶约3个月量,5848,,huluobo.jpg,h1.jpg,h2.jpg,h3.jpg,h4.jpg,h5.jpg,610,,195,525,0:00:00,汤臣倍健,193.3
195,汤臣倍健 多维男士多种维生素矿物质片 1.5g/片*60片 *2件,5849,,tang.jpg,t1.jpg,t2.jpg,t3.jpg,t4.jpg,t5.jpg,611,haiwaigou.png,196,5466,0:00:00,汤臣倍健,194.3
196,21金维他 多维元素片 100片含12种维生素，8种矿物质，1种氨基酸促进维矿物质吸收，强化VA、VB好配方更适合中国人体质；成人及12岁以上儿童，一日2片，12岁以下1日1片，饭后服用,5850,,jinweita.jpg,j1.jpg,j2.jpg,j3.jpg,j4.jpg,j5.jpg,612,,197,527,0:00:00,金维他,195.3
197,来益牌 叶黄素咀嚼片 450mg*30片每日一粒，1瓶约1个月量，呵护双眼，缓解视力疲劳，眼睛干涩者、视力模糊者适用,5851,,shili.jpg,s1.jpg,s2.jpg,s3.jpg,s4.jpg,s5.jpg,613,,198,528,0:00:00,来益,196.3
198,汤臣倍健 天然β-胡萝卜素软胶囊 0.5g*100粒来自澳大利亚进口的胡萝卜素，每粒含4.71mg胡萝卜素，1瓶约3个月量,5852,,huluobo.jpg,h1.jpg,h2.jpg,h3.jpg,h4.jpg,h5.jpg,614,,199,529,0:00:00,汤臣倍健,197.3
199,汤臣倍健 多维男士多种维生素矿物质片 1.5g/片*60片 *2件,5853,ziying.png,tang.jpg,t1.jpg,t2.jpg,t3.jpg,t4.jpg,t5.jpg,615,,200,530,0:00:00,汤臣倍健,198.3
200,21金维他 多维元素片 100片含12种维生素，8种矿物质，1种氨基酸促进维矿物质吸收，强化VA、VB好配方更适合中国人体质；成人及12岁以上儿童，一日2片，12岁以下1日1片，饭后服用,5854,,jinweita.jpg,j1.jpg,j2.jpg,j3.jpg,j4.jpg,j5.jpg,616,,201,531,0:00:00,金维他,199.3
